event_id,hourly_prod_id,event_type,cause_family,duration_minutes,comment
EV_58e4184e,HP_883dbf22,missing_film_imprint,quality,6,Generated production event
EV_e921fa9e,HP_883dbf22,sticker_application_fault,process,4,Generated production event
EV_c7eef56d,HP_883dbf22,base_plate_position_fault,mechanical,3,Generated production event
EV_7971fbf0,HP_8adc66ac,paper_roll_change,changeover,2,Generated production event
EV_8c94a47f,HP_aa6cff5e,photoelectric_sensor_fault,electrical,6,Generated production event
EV_75c88a5b,HP_aa6cff5e,case_packer_format_change,changeover,7,Generated production event
EV_f3cde89c,HP_aa6cff5e,outfeed_conveyor_failure,mechanical,2,Generated production event
EV_6d19dd4e,HP_d68e43f2,other,other,1,Generated production event
EV_90cc2620,HP_3ccb5909,sticker_roll_change,changeover,2,Generated production event
EV_7def6111,HP_2eb8fb9d,infeed_conveyor_failure,mechanical,1,Generated production event
EV_8b175141,HP_dc36173c,material_shortage,organization,7,Generated production event
EV_216f0393,HP_dc36173c,destacker_jam,mechanical,3,Generated production event
EV_caf8968a,HP_dc36173c,material_shortage,organization,2,Generated production event
EV_b7c47a1b,HP_f9230d29,short_break,planned,10,Alternating daily break
EV_f28c8220,HP_f9230d29,base_plate_position_fault,mechanical,3,Generated production event
EV_c588c703,HP_7816c950,short_break,planned,7,Alternating daily break
EV_deaa6b49,HP_566817f3,short_break,planned,9,Alternating daily break
EV_98c5dd2e,HP_4c559ecb,short_break,planned,4,Alternating daily break
EV_41d0ecb2,HP_51f17c2a,short_break,planned,6,Alternating daily break
EV_178217bd,HP_ae6f6b14,short_break,planned,8,Alternating daily break
EV_622ec065,HP_4442bcfc,delta_sensor_fault_2,electrical,3,Generated production event
EV_6e200b3c,HP_4442bcfc,sticker_application_fault,process,4,Generated production event
EV_c300bd20,HP_92198a74,base_plate_position_fault,mechanical,9,Generated production event
EV_3ad6b158,HP_92198a74,missing_film_imprint,quality,4,Generated production event
EV_040eca9a,HP_92198a74,unknown_event,other,1,Generated production event
EV_fe23c84c,HP_e6f74804,poor_material_supply,organization,4,Generated production event
EV_7088b899,HP_e6f74804,missing_film_imprint,quality,2,Generated production event
EV_b04c38bf,HP_6e03a6cf,empty_tray_before_stacker,process,11,Generated production event
EV_ced562bf,HP_6e03a6cf,sticker_rewinder_belt_break,mechanical,3,Generated production event
EV_5917e146,HP_0725c56a,missing_film_imprint,quality,11,Generated production event
EV_397bcf7f,HP_0725c56a,sticker_application_fault,process,1,Generated production event
EV_8446dded,HP_2876c2ce,delta_sensor_fault_1,electrical,4,Generated production event
EV_d9e0abed,HP_2876c2ce,door_safety_fault,electrical,3,Generated production event
EV_8424849d,HP_82951910,delta_sensor_fault_2,electrical,4,Generated production event
EV_3eaef1be,HP_82951910,operator_break,planned,4,Generated production event
EV_3ca67cde,HP_26f40d4d,ink_ribbon_replacement,operator,10,Generated production event
EV_2d4d1c39,HP_38e4a507,sticker_rewinder_belt_break,mechanical,11,Generated production event
EV_76f1f899,HP_38e4a507,machine_warmup,planned,1,Generated production event
EV_f217df94,HP_86208154,paper_roll_change,changeover,7,Generated production event
EV_5e617888,HP_86208154,ink_ribbon_replacement,operator,2,Generated production event
EV_713de6cc,HP_92a69ece,stacker_jam,mechanical,6,Generated production event
EV_5338153d,HP_352618e4,product_detachment_fault,mechanical,5,Generated production event
EV_fdc65664,HP_352618e4,unknown_event,other,4,Generated production event
EV_2f2f97b8,HP_352618e4,paper_roll_change,changeover,3,Generated production event
EV_c1297d9e,HP_352618e4,label_ribbon_replacement,operator,1,Generated production event
EV_e319a347,HP_e84e687b,article_code_change,changeover,5,Generated production event
EV_c85b3345,HP_e84e687b,shift_handover,planned,1,Generated production event
EV_6539474d,HP_2af1f59b,product_detachment_fault,mechanical,13,Generated production event
EV_75fec635,HP_2af1f59b,machine_warmup,planned,2,Generated production event
EV_8fee45e2,HP_db3634d8,material_shortage,organization,3,Generated production event
EV_41563e30,HP_db3634d8,product_length_out_of_range,quality,6,Generated production event
EV_af059100,HP_4387a80d,film_retake,process,11,Generated production event
EV_fce338ca,HP_4387a80d,tray_blocked_in_stacker,mechanical,1,Generated production event
EV_c1152e06,HP_de2fa529,unknown_event,other,3,Generated production event
EV_78bc3671,HP_313c1653,case_packer_format_change,changeover,7,Generated production event
EV_cc80475e,HP_313c1653,axis_collision,mechanical,1,Generated production event
EV_5539a0f9,HP_fcb4ed32,empty_tray_before_stacker,process,11,Generated production event
EV_be4b5598,HP_fcb4ed32,cleaning,planned,1,Generated production event
EV_d6285f6f,HP_6f0c0c93,weigher_tank_change,changeover,3,Generated production event
EV_eb4704a4,HP_6f0c0c93,product_detachment_fault,mechanical,8,Generated production event
EV_aaf3c723,HP_6f0c0c93,cassette_sticker_adjustment,process,3,Generated production event
EV_a9afd781,HP_6f0c0c93,delta_sensor_fault_1,electrical,2,Generated production event
EV_aaadebaa,HP_c6771b3b,short_break,planned,10,Alternating daily break
EV_3659a2bd,HP_ce4cafd2,short_break,planned,10,Alternating daily break
EV_535cb6c4,HP_ce4cafd2,weigher_tank_change,changeover,3,Generated production event
EV_4a3c21c1,HP_ce4cafd2,machine_warmup,planned,1,Generated production event
EV_61846521,HP_c4001a70,short_break,planned,10,Alternating daily break
EV_d4fc3cdc,HP_c4001a70,date_marking_change,changeover,3,Generated production event
EV_1682b932,HP_a437d3d3,short_break,planned,2,Alternating daily break
EV_dd36a098,HP_1bfa1a44,short_break,planned,2,Alternating daily break
EV_dc984ae2,HP_c925fc85,short_break,planned,5,Alternating daily break
EV_41369f1f,HP_5b2cb147,short_break,planned,2,Alternating daily break
EV_6f0f26c6,HP_6d2ce10e,short_break,planned,10,Alternating daily break
EV_94efe89d,HP_6d2ce10e,ink_ribbon_replacement,operator,1,Generated production event
EV_d850ca6f,HP_21361658,short_break,planned,6,Alternating daily break
EV_3ec9120f,HP_f0353eed,short_break,planned,3,Alternating daily break
EV_147fe91d,HP_5471c3fa,short_break,planned,9,Alternating daily break
EV_afca1216,HP_6c103472,short_break,planned,7,Alternating daily break
EV_3675dbfc,HP_27fab5b2,short_break,planned,2,Alternating daily break
EV_09cbf22d,HP_445fe034,short_break,planned,10,Alternating daily break
EV_f5db9cd5,HP_b1c8fe41,short_break,planned,10,Alternating daily break
EV_e6cbc3ec,HP_b1c8fe41,door_safety_fault,electrical,4,Generated production event
EV_089fb573,HP_48378150,short_break,planned,10,Alternating daily break
EV_476bb8fe,HP_48378150,missing_film_imprint,quality,4,Generated production event
EV_0324f323,HP_f17f0dee,short_break,planned,10,Alternating daily break
EV_a26ca8a6,HP_799abad8,short_break,planned,1,Alternating daily break
EV_839d6496,HP_5c293113,short_break,planned,10,Alternating daily break
EV_fc544ad1,HP_488e828a,short_break,planned,5,Alternating daily break
EV_d2825ed3,HP_1caee850,poor_material_supply,organization,9,Generated production event
EV_e744f33d,HP_1caee850,intermediate_changeover,changeover,4,Generated production event
EV_96ca5bc3,HP_8b87f071,other,other,4,Generated production event
EV_987cd6b0,HP_8b87f071,delta_sensor_fault_1,electrical,9,Generated production event
EV_e53063ea,HP_8b87f071,material_shortage,organization,1,Generated production event
EV_317cd6c6,HP_ef597684,axis_collision,mechanical,11,Generated production event
EV_19a3a829,HP_ef597684,sticker_roll_change,changeover,2,Generated production event
EV_b3a4ceea,HP_31470109,missing_film_imprint,quality,10,Generated production event
EV_b6060389,HP_31470109,sticker_rewinder_belt_break,mechanical,2,Generated production event
EV_c23c22c0,HP_dd5e5c02,shift_handover,planned,4,Generated production event
EV_b8547a84,HP_dd5e5c02,delta_sensor_fault_1,electrical,3,Generated production event
EV_b3c5cb6f,HP_dd5e5c02,base_plate_transfer_fault,mechanical,4,Generated production event
EV_34fcd953,HP_dd5e5c02,empty_tray_before_stacker,process,3,Generated production event
EV_7f8f7558,HP_3a99eace,photoelectric_sensor_fault,electrical,4,Generated production event
EV_ec511d97,HP_3a99eace,delta_sensor_fault_1,electrical,1,Generated production event
EV_ae1ae6b6,HP_3c1023ac,label_ribbon_replacement,operator,7,Generated production event
EV_30ad0153,HP_3c1023ac,article_code_change,changeover,4,Generated production event
EV_1f505554,HP_3c1023ac,paper_roll_change,changeover,1,Generated production event
EV_dddd8fda,HP_ffd5d298,weigher_tank_change,changeover,2,Generated production event
EV_3d9aa0e5,HP_adee6eea,photoelectric_sensor_fault,electrical,3,Generated production event
EV_07869162,HP_adee6eea,meeting,planned,8,Generated production event
EV_8acc0206,HP_adee6eea,machine_warmup,planned,1,Generated production event
EV_da6b8257,HP_c9edbd8d,delta_sensor_fault_1,electrical,3,Generated production event
EV_a23db2c4,HP_c9edbd8d,meeting,planned,10,Generated production event
EV_fcd54d44,HP_c9edbd8d,case_packer_format_change,changeover,1,Generated production event
EV_d157e684,HP_3052fdf0,case_packer_format_change,changeover,2,Generated production event
EV_fcaa8653,HP_09e80a92,delta_sensor_fault_2,electrical,12,Generated production event
EV_a8c3e982,HP_09e80a92,delta_sensor_fault_2,electrical,2,Generated production event
EV_3ae50551,HP_4f72a48f,operator_break,planned,6,Generated production event
EV_2f6b6325,HP_4f72a48f,meeting,planned,3,Generated production event
EV_7860a2a7,HP_4f72a48f,unplanned_maintenance,maintenance,1,Generated production event
EV_57462930,HP_c4653124,meeting,planned,12,Generated production event
EV_3f9c9bba,HP_c4653124,cleaning,planned,2,Generated production event
EV_76c09cd7,HP_738a714a,photoelectric_sensor_fault,electrical,8,Generated production event
EV_6f71bb62,HP_2517e94e,ink_ribbon_replacement,operator,4,Generated production event
EV_935c5759,HP_2517e94e,other,other,4,Generated production event
EV_145be1d9,HP_62be46c3,delta_sensor_fault_2,electrical,3,Generated production event
EV_b38d5c3a,HP_62be46c3,article_code_change,changeover,1,Generated production event
EV_c304d584,HP_992e0418,delta_sensor_fault_2,electrical,1,Generated production event
EV_c04cfe84,HP_216d6bc2,film_retake,process,2,Generated production event
EV_4462e146,HP_86a56726,delta_sensor_fault_2,electrical,6,Generated production event
EV_61ce6c9c,HP_86a56726,small_product_output,process,5,Generated production event
EV_3d473526,HP_86a56726,empty_tray_before_stacker,process,1,Generated production event
EV_6d8fb4e3,HP_0faca4b4,short_break,planned,5,Alternating daily break
EV_2b5870d8,HP_03f16851,short_break,planned,8,Alternating daily break
EV_56bfc1d0,HP_f2ca73a6,short_break,planned,2,Alternating daily break
EV_0baa7ff6,HP_9e1b5182,short_break,planned,2,Alternating daily break
EV_86360f68,HP_195ae965,short_break,planned,10,Alternating daily break
EV_b08f24ee,HP_195ae965,stacker_jam,mechanical,3,Generated production event
EV_a218a4aa,HP_06aed7f4,short_break,planned,9,Alternating daily break
EV_e660fe5d,HP_8863167f,short_break,planned,10,Alternating daily break
EV_a0b996a6,HP_8863167f,destacker_jam,mechanical,3,Generated production event
EV_b500b528,HP_fa3eeffc,short_break,planned,9,Alternating daily break
EV_f10262e0,HP_2baa4b41,short_break,planned,10,Alternating daily break
EV_c72d8393,HP_09676ecd,short_break,planned,10,Alternating daily break
EV_656281da,HP_09676ecd,film_retake,process,1,Generated production event
EV_9b72bcaf,HP_759837ed,short_break,planned,3,Alternating daily break
EV_e344d90e,HP_88f9eb45,short_break,planned,10,Alternating daily break
EV_980239c4,HP_88f9eb45,paper_roll_change,changeover,4,Generated production event
EV_c2bed190,HP_db040754,short_break,planned,10,Alternating daily break
EV_a838aeab,HP_db040754,stacker_jam,mechanical,5,Generated production event
EV_980eda53,HP_75f06a14,short_break,planned,9,Alternating daily break
EV_e8c04f1f,HP_953c7769,short_break,planned,4,Alternating daily break
EV_891b65cc,HP_c177f740,short_break,planned,5,Alternating daily break
EV_694b0a01,HP_c8a3f4f8,short_break,planned,10,Alternating daily break
EV_c678f086,HP_c8a3f4f8,destacker_jam,mechanical,3,Generated production event
EV_245ea369,HP_19aea8a5,short_break,planned,2,Alternating daily break
EV_7310a005,HP_d4a2d91b,short_break,planned,6,Alternating daily break
EV_ece71d7e,HP_571bfb7a,short_break,planned,10,Alternating daily break
EV_d4cbb360,HP_571bfb7a,door_safety_fault,electrical,2,Generated production event
EV_4f8e7f2b,HP_d3a66f40,short_break,planned,8,Alternating daily break
EV_6afa627b,HP_ec8cf59a,photoelectric_sensor_fault,electrical,13,Generated production event
EV_5ad20e64,HP_ec8cf59a,sticker_rewinder_belt_break,mechanical,2,Generated production event
EV_eb34f821,HP_977c8339,shift_handover,planned,9,Generated production event
EV_e3bd62fa,HP_977c8339,unplanned_maintenance,maintenance,3,Generated production event
EV_1f9e4ed7,HP_977c8339,sticker_rewinder_belt_break,mechanical,1,Generated production event
EV_1946142f,HP_ff9cc2d8,tray_blocked_in_stacker,mechanical,9,Generated production event
EV_84e55942,HP_ff9cc2d8,outfeed_conveyor_failure,mechanical,3,Generated production event
EV_7e4ee801,HP_cc147b8f,material_shortage,organization,9,Generated production event
EV_9aa4d4de,HP_cc147b8f,sticker_rewinder_belt_break,mechanical,2,Generated production event
EV_b66c185f,HP_d75f767a,base_plate_position_fault,mechanical,6,Generated production event
EV_cfdb96ef,HP_d75f767a,door_safety_fault,electrical,3,Generated production event
EV_88fc8f37,HP_dca5c50d,article_code_change,changeover,4,Generated production event
EV_c92cba09,HP_cce7a4f2,sticker_application_fault,process,4,Generated production event
EV_b34ff277,HP_cce7a4f2,outfeed_conveyor_failure,mechanical,3,Generated production event
EV_e76eb97d,HP_cce7a4f2,ink_ribbon_replacement,operator,1,Generated production event
EV_a6b0a097,HP_7fa37848,delta_sensor_fault_2,electrical,5,Generated production event
EV_382a3c32,HP_7fa37848,poor_material_supply,organization,2,Generated production event
EV_27a995bd,HP_6f0b89b3,machine_warmup,planned,3,Generated production event
EV_4603421b,HP_c227d43c,product_detachment_fault,mechanical,5,Generated production event
EV_548322ab,HP_c227d43c,tray_blocked_in_stacker,mechanical,2,Generated production event
EV_df665f91,HP_f8f67b45,film_retake,process,1,Generated production event
EV_23195260,HP_2f32efc3,paper_roll_change,changeover,8,Generated production event
EV_dbf59a83,HP_2f32efc3,conveyor_output_jam,mechanical,6,Generated production event
EV_dd8d98cb,HP_2f32efc3,planned_maintenance,maintenance,1,Generated production event
EV_031e70c7,HP_62bcb6cd,operator_break,planned,3,Generated production event
EV_3616960d,HP_154565d8,paper_roll_change,changeover,3,Generated production event
EV_a597c4c7,HP_154565d8,cleaning,planned,7,Generated production event
EV_0e29a6c4,HP_154565d8,axis_collision,mechanical,1,Generated production event
EV_ea3417c5,HP_ff3b8744,material_shortage,organization,5,Generated production event
EV_7e5214cf,HP_ff3b8744,product_detachment_fault,mechanical,1,Generated production event
EV_8e7a540e,HP_2c468caa,intermediate_changeover,changeover,5,Generated production event
EV_4b4b90d9,HP_2c468caa,ink_ribbon_replacement,operator,3,Generated production event
EV_7e12f692,HP_bba0608e,axis_collision,mechanical,6,Generated production event
EV_e8e4f5ea,HP_bba0608e,label_ribbon_replacement,operator,2,Generated production event
EV_21a54117,HP_3567e08a,cassette_sticker_adjustment,process,9,Generated production event
EV_27abaaff,HP_3567e08a,shift_handover,planned,2,Generated production event
EV_610822e7,HP_407dd6b6,photoelectric_sensor_fault,electrical,9,Generated production event
EV_f649fdeb,HP_407dd6b6,meeting,planned,7,Generated production event
EV_de3acd61,HP_e76abd71,sticker_roll_change,changeover,8,Generated production event
EV_905e8026,HP_1526be60,empty_tray_before_stacker,process,4,Generated production event
EV_430a7a86,HP_1526be60,product_length_out_of_range,quality,5,Generated production event
EV_86d54f63,HP_1526be60,base_plate_transfer_fault,mechanical,1,Generated production event
EV_b3acef55,HP_b517ce6f,short_break,planned,10,Alternating daily break
EV_f9a10e8c,HP_698065fc,short_break,planned,10,Alternating daily break
EV_184d3c87,HP_a2130516,short_break,planned,10,Alternating daily break
EV_58ff2621,HP_a2130516,sticker_rewinder_belt_break,mechanical,2,Generated production event
EV_41c25a37,HP_1285212d,short_break,planned,4,Alternating daily break
EV_0bea2418,HP_77bd078f,short_break,planned,10,Alternating daily break
EV_a7841b7c,HP_77bd078f,unknown_event,other,3,Generated production event
EV_7fe326d1,HP_77bd078f,label_ribbon_replacement,operator,1,Generated production event
EV_eccb55ce,HP_e3718241,short_break,planned,3,Alternating daily break
EV_c1e523b6,HP_8a192bd8,short_break,planned,10,Alternating daily break
EV_572b2525,HP_8a192bd8,infeed_conveyor_failure,mechanical,2,Generated production event
